{
  "day_M0_S6": 1,
  "hour": 9,
  "total_trips": 8341.6,
  "agent_counts": 345738,
  "errors_list": [
    9896.095350322787,
    6017.222948956513,
    4639.684674275915,
    4102.671010948972,
    3810.725205250976,
    3620.8164769195873,
    3488.606201739699,
    3388.9530784890067,
    3311.1361503372204,
    3248.692444848165,
    3197.1592504729083,
    3153.9432541382544,
    3117.3435897187883,
    3085.9653454717736,
    3058.756891098609,
    3034.87899349272,
    3013.7929281549846,
    2995.1413457623803,
    2978.521344488141,
    2963.4850173042423
  ],
  "unmatched_trips": 2963.4850173042423
}