{
  "day_M0_S6": 1,
  "hour": 22,
  "total_trips": 7920.0,
  "agent_counts": 351809,
  "errors_list": [
    8695.320422111843,
    5612.6943068034125,
    4120.823284649707,
    3525.8350597766203,
    3215.6841337289643,
    3014.924379571333,
    2869.6751842964586,
    2758.5182414400856,
    2672.1403252993214,
    2602.5940362122387,
    2545.320197093273,
    2497.1186403642378,
    2455.8567274735688,
    2420.33687246303,
    2389.369489069073,
    2362.04647481973,
    2337.8624494752207,
    2316.1846636024356,
    2296.6904439148952,
    2279.1500363418218
  ],
  "unmatched_trips": 2279.1500363418218
}