{
  "day_M0_S6": 1,
  "hour": 21,
  "total_trips": 9361.4,
  "agent_counts": 351097,
  "errors_list": [
    10210.683658141503,
    6572.070030677183,
    4802.123668829063,
    4106.082307368012,
    3728.91541674578,
    3480.895422698999,
    3306.915927464637,
    3174.4011942841385,
    3068.9717215752926,
    2984.020959694908,
    2914.516598422294,
    2856.429827587308,
    2806.824545815981,
    2764.061046233839,
    2726.9959340205783,
    2694.11012441148,
    2664.758135945025,
    2638.4821509711055,
    2614.8000133374253,
    2593.3581293332372
  ],
  "unmatched_trips": 2593.3581293332372
}