{
  "day_M0_S6": 1,
  "hour": 4,
  "total_trips": 793.2,
  "agent_counts": 197574,
  "errors_list": [
    1116.5498729963654,
    898.0316943905414,
    757.0446704785354,
    702.7324530241394,
    677.4535779612775,
    662.5281334246797,
    652.2797445392792,
    644.8001548591106,
    639.2789483274607,
    635.0803462508276,
    631.7980709757337,
    629.1735228523646,
    627.0176229164571,
    625.2281766189191,
    623.7558444058283,
    622.5305201398048,
    621.5071127587235,
    620.634844663276,
    619.8754408858271,
    619.2141322842403
  ],
  "unmatched_trips": 619.2141322842403
}