{
  "day_M0_S6": 1,
  "hour": 20,
  "total_trips": 10376.000000000002,
  "agent_counts": 350799,
  "errors_list": [
    11353.909692030242,
    7285.692546554879,
    5411.854801167879,
    4674.3584994502535,
    4270.80253512598,
    3999.7882323194754,
    3804.0754822903755,
    3656.485568521857,
    3541.3108704807946,
    3449.924683629266,
    3375.118029305779,
    3313.0512517621482,
    3260.107373339756,
    3214.361715974652,
    3174.516398860055,
    3139.3821260343693,
    3108.174123171441,
    3080.209883076191,
    3055.087595752791,
    3032.4541781060207
  ],
  "unmatched_trips": 3032.4541781060207
}