{
  "day_M0_S6": 1,
  "hour": 10,
  "total_trips": 6365.0,
  "agent_counts": 344366,
  "errors_list": [
    7520.768498027921,
    4645.069666142442,
    3519.3954474852253,
    3099.3976479573553,
    2871.629022876643,
    2725.480934546027,
    2621.9507194815023,
    2544.8078239567235,
    2483.984315978981,
    2434.9650244552067,
    2394.941093589303,
    2361.512805760389,
    2333.0698472156287,
    2308.8015305759145,
    2287.9104456574487,
    2269.819957108848,
    2253.835656830961,
    2239.552573234413,
    2226.780355527226,
    2215.3368033897664
  ],
  "unmatched_trips": 2215.3368033897664
}