{
  "day_M0_S6": 1,
  "hour": 18,
  "total_trips": 12410.0,
  "agent_counts": 353527,
  "errors_list": [
    13779.286307316146,
    8472.47340411318,
    6197.756709753545,
    5308.027448446322,
    4818.108005924548,
    4490.382336571252,
    4256.063550573427,
    4078.2428130967546,
    3939.4477200800266,
    3828.51686141215,
    3737.777744639163,
    3661.856705384238,
    3597.6247632032705,
    3542.441976260158,
    3494.6057948608873,
    3452.373708315384,
    3414.9863282410133,
    3381.7900948728325,
    3351.8784609630347,
    3324.895127044789
  ],
  "unmatched_trips": 3324.895127044789
}