{
  "day_M0_S6": 1,
  "hour": 8,
  "total_trips": 8806.400000000001,
  "agent_counts": 351710,
  "errors_list": [
    10220.003961176517,
    6221.489777727419,
    4671.426287287378,
    4063.3479797100545,
    3741.355565566021,
    3533.354114273821,
    3385.1105023743785,
    3272.712519258006,
    3184.3097819976015,
    3112.570540920782,
    3053.1162981813136,
    3003.3077182012266,
    2960.9450929482355,
    2924.5758725297537,
    2892.797500436907,
    2864.8600194485116,
    2839.9683436513683,
    2817.632673900505,
    2797.4447230367,
    2779.179672186607
  ],
  "unmatched_trips": 2779.179672186607
}