{
  "day_M0_S6": 1,
  "hour": 26,
  "total_trips": 986.4,
  "agent_counts": 252871,
  "errors_list": [
    1273.5410180366227,
    1037.0743027933356,
    863.6174502714825,
    792.5191227102107,
    760.3546722931652,
    742.0126072513519,
    729.3229515756911,
    720.0189976250333,
    712.944489814866,
    707.331579730949,
    702.783661956495,
    699.0763908061929,
    695.997520589589,
    693.421602214607,
    691.2652255976783,
    689.4286771266914,
    687.8499097247707,
    686.4806528729563,
    685.2867649480089,
    684.240558029575
  ],
  "unmatched_trips": 684.240558029575
}