{
  "day_M0_S6": 1,
  "hour": 11,
  "total_trips": 5848.2,
  "agent_counts": 339445,
  "errors_list": [
    6918.240548117173,
    4215.877075272522,
    3138.050577847457,
    2737.6608143407934,
    2529.487869460979,
    2393.712963248717,
    2295.1768714644168,
    2221.044670882198,
    2163.3819038469383,
    2116.8879277542956,
    2079.205626053505,
    2047.7181370402584,
    2020.8172756438164,
    1997.5526921317612,
    1977.322444001404,
    1959.670377317519,
    1944.0789395311422,
    1930.1805189614452,
    1917.6892175198434,
    1906.4488999409607
  ],
  "unmatched_trips": 1906.4488999409607
}