{
  "day_M0_S6": 1,
  "hour": 16,
  "total_trips": 7996.6,
  "agent_counts": 352379,
  "errors_list": [
    8840.33402813213,
    5687.579679965856,
    4176.97432263808,
    3591.466777093404,
    3280.0787042914517,
    3078.623984518676,
    2932.600903483972,
    2821.682152962152,
    2735.6221831914095,
    2666.550669519666,
    2609.7015626863263,
    2562.4114327154157,
    2522.576757086605,
    2488.4525140887167,
    2458.7664327729926,
    2432.686396089159,
    2409.488475698415,
    2388.75386220818,
    2370.157489762983,
    2353.4305536491934
  ],
  "unmatched_trips": 2353.4305536491934
}