{
  "day_M0_S6": 1,
  "hour": 23,
  "total_trips": 5276.400000000001,
  "agent_counts": 347663,
  "errors_list": [
    5888.316191162455,
    3917.3634024320545,
    2935.6121208262207,
    2550.319050550393,
    2350.138636859912,
    2222.14767830935,
    2130.744257008525,
    2061.0574172831325,
    2006.7917742299812,
    1962.81199840981,
    1926.706764274249,
    1896.4376466451527,
    1870.9585297007357,
    1849.1279346714862,
    1830.245191656029,
    1813.8808566142256,
    1799.6029771065878,
    1786.9745817066705,
    1775.7083587547659,
    1765.5804622914857
  ],
  "unmatched_trips": 1765.5804622914857
}