{
  "day_M0_S6": 1,
  "hour": 6,
  "total_trips": 3367.8,
  "agent_counts": 312399,
  "errors_list": [
    4086.0445738874305,
    2759.891679789665,
    2170.5236388384624,
    1955.1822629780306,
    1846.5245138921266,
    1776.0003116198127,
    1725.2070370924575,
    1686.9766491297387,
    1657.3831514485832,
    1633.7451037846524,
    1614.241535162627,
    1597.9944547707253,
    1584.5212042331932,
    1573.1480567089125,
    1563.4036981441957,
    1554.9550185339058,
    1547.5920136813743,
    1541.141736369132,
    1535.41406149778,
    1530.3553302032744
  ],
  "unmatched_trips": 1530.3553302032744
}