{
  "day_M0_S6": 1,
  "hour": 14,
  "total_trips": 6182.4,
  "agent_counts": 352179,
  "errors_list": [
    6975.58295249946,
    4432.802264206484,
    3263.445828576425,
    2815.6907152330837,
    2584.757551052479,
    2433.953709368921,
    2326.2362080157072,
    2243.222724544895,
    2178.175462759921,
    2126.044567130501,
    2083.0743449772535,
    2046.9091237672692,
    2015.9588238507092,
    1989.2791608497248,
    1966.0381241462997,
    1945.6240712308506,
    1927.6598743932718,
    1911.7312096050516,
    1897.5802601460655,
    1884.8912551467076
  ],
  "unmatched_trips": 1884.8912551467076
}