{
  "day_M0_S6": 1,
  "hour": 3,
  "total_trips": 504.40000000000003,
  "agent_counts": 185783,
  "errors_list": [
    719.1310071858045,
    637.1509061526215,
    559.9095002858278,
    523.9504554074598,
    506.1889177132018,
    496.09157654230165,
    489.396044072559,
    484.50996203704756,
    480.83790800618647,
    477.96210437167565,
    475.6505986420833,
    473.80730501746893,
    472.3275072495517,
    471.1365845958629,
    470.1548188877913,
    469.3458838937371,
    468.6700294233119,
    468.1005020190697,
    467.615653061065,
    467.1952416983793
  ],
  "unmatched_trips": 467.1952416983793
}