{
  "day_M0_S6": 1,
  "hour": 24,
  "total_trips": 2891.0,
  "agent_counts": 316472,
  "errors_list": [
    3332.030154866522,
    2367.469939258309,
    1807.7388278197095,
    1601.9812911767522,
    1496.9022841803207,
    1430.7329981751109,
    1383.6768816735269,
    1348.004742808118,
    1319.9377264748957,
    1297.3638265503826,
    1278.8263859159608,
    1263.389011532453,
    1250.311540091332,
    1239.166618300813,
    1229.629171089076,
    1221.3773320928074,
    1214.1673609825777,
    1207.844953094119,
    1202.240264476825,
    1197.226281566906
  ],
  "unmatched_trips": 1197.226281566906
}