{
  "day_M0_S6": 1,
  "hour": 7,
  "total_trips": 6672.4,
  "agent_counts": 343992,
  "errors_list": [
    7514.534507237818,
    4826.722796573398,
    3705.848506328902,
    3257.229011473198,
    3007.816049860529,
    2842.047949516804,
    2722.434623896775,
    2632.1021516514475,
    2561.406432234018,
    2504.3441697769426,
    2457.840729260326,
    2418.8716344164595,
    2385.834456449594,
    2357.502709014341,
    2332.8048321727306,
    2311.1654112705532,
    2292.137806623421,
    2275.20478169817,
    2260.059396950403,
    2246.463340251755
  ],
  "unmatched_trips": 2246.463340251755
}