{
  "day_M0_S6": 1,
  "hour": 15,
  "total_trips": 6960.400000000001,
  "agent_counts": 350827,
  "errors_list": [
    7760.201840636417,
    4845.766280104743,
    3590.7136543052443,
    3117.427422950424,
    2854.7637137216184,
    2679.109629877037,
    2552.9787855184745,
    2457.5339380392697,
    2382.316912246346,
    2321.2925235503417,
    2271.22606607007,
    2229.263385283269,
    2193.675925608547,
    2163.090952110136,
    2136.328774624932,
    2112.682280171168,
    2091.730532952098,
    2072.9772668861324,
    2056.1561841466987,
    2041.0495305453892
  ],
  "unmatched_trips": 2041.0495305453892
}