{
  "day_M0_S6": 1,
  "hour": 3,
  "total_trips": 504.40000000000003,
  "agent_counts": 360829,
  "errors_list": [
    720.2513532562666,
    637.5604290348797,
    562.2130264557248,
    527.3719334134466,
    509.8984819882646,
    499.747967023385,
    493.07661161027886,
    488.4178037624215,
    484.97947534311464,
    482.28138989263266,
    480.13592430174197,
    478.42350446588523,
    477.0580058934621,
    475.951356261647,
    475.02290535470024,
    474.2421589498498,
    473.58149614668594,
    473.0159383256349,
    472.52504841342795,
    472.100145938688
  ],
  "unmatched_trips": 472.100145938688
}