{
  "day_M0_S6": 1,
  "hour": 12,
  "total_trips": 5929.2,
  "agent_counts": 344858,
  "errors_list": [
    6841.38420205159,
    4237.544914752595,
    3103.2580792738854,
    2698.331918395867,
    2481.3054072322916,
    2341.107233046086,
    2239.772249866222,
    2163.9560655982796,
    2104.814683408257,
    2057.4693655303463,
    2018.2864741514954,
    1985.3465349630367,
    1957.2058700432494,
    1932.8021787969287,
    1911.5341160222902,
    1892.7997556864009,
    1876.219305698444,
    1861.343201507955,
    1847.9335352542798,
    1835.8458638045413
  ],
  "unmatched_trips": 1835.8458638045413
}