{
  "day_M0_S6": 1,
  "hour": 13,
  "total_trips": 5909.0,
  "agent_counts": 349380,
  "errors_list": [
    6782.746971432622,
    4242.566370681252,
    3154.792382372119,
    2726.6824976675016,
    2507.8502689272923,
    2364.61328428289,
    2261.55893755823,
    2183.5945898984546,
    2122.688155895587,
    2073.9673286273146,
    2034.0748793852665,
    2000.5897621121994,
    1972.0448148890362,
    1947.3863310408833,
    1925.9266219556885,
    1906.8948959668312,
    1890.0077236140346,
    1874.9538781505416,
    1861.4775664618824,
    1849.3383574852953
  ],
  "unmatched_trips": 1849.3383574852953
}