{
  "day_M0_S6": 1,
  "hour": 19,
  "total_trips": 12492.8,
  "agent_counts": 352131,
  "errors_list": [
    13938.627765697083,
    8625.773376662772,
    6268.3815044764,
    5357.770758652329,
    4872.296363062239,
    4555.404937856174,
    4325.153500465885,
    4152.67323260526,
    4017.1011284880083,
    3907.5309773187664,
    3817.451559003274,
    3741.712237981334,
    3676.6025241749708,
    3620.4776384705815,
    3571.464301714393,
    3528.352814859301,
    3489.9963978738137,
    3455.9337190932943,
    3425.4837222063234,
    3397.910833278979
  ],
  "unmatched_trips": 3397.910833278979
}