{
  "day_M0_S6": 1,
  "hour": 5,
  "total_trips": 1686.2,
  "agent_counts": 245475,
  "errors_list": [
    2199.5705195163955,
    1576.8580600643218,
    1290.9928981739722,
    1182.1178125032582,
    1128.8117037565746,
    1096.1533803758111,
    1073.3855119735474,
    1056.2898956639178,
    1043.125629249952,
    1032.752818159438,
    1024.5408826839166,
    1017.9237572154591,
    1012.5582802157145,
    1008.1352812550901,
    1004.4250910228265,
    1001.240522033736,
    998.5024350185613,
    996.1362057721404,
    994.0702375224469,
    992.2557165456128
  ],
  "unmatched_trips": 992.2557165456128
}