{
  "day_M0_S6": 1,
  "hour": 25,
  "total_trips": 1779.6,
  "agent_counts": 300426,
  "errors_list": [
    2143.331650840676,
    1587.8252940487723,
    1266.8090458830693,
    1141.4516690229016,
    1081.9373447381327,
    1045.9878513620706,
    1021.0410314151738,
    1002.5106472878747,
    987.8413869065178,
    976.139604403894,
    966.3703860035318,
    958.1944169471533,
    951.2348007331005,
    945.3356107635335,
    940.31413719737,
    936.0122008267219,
    932.273497243739,
    928.9977119786724,
    926.099720587365,
    923.5150487738483
  ],
  "unmatched_trips": 923.5150487738483
}