{
  "day_M0_S6": 1,
  "hour": 17,
  "total_trips": 10551.600000000002,
  "agent_counts": 353804,
  "errors_list": [
    11698.74837538334,
    7285.5095854198935,
    5303.307275903406,
    4550.693269864353,
    4135.15562601058,
    3860.589917377011,
    3664.6838616849986,
    3518.213137532656,
    3402.598488941528,
    3309.5742114268314,
    3232.702078547016,
    3167.8065567639737,
    3112.694627224966,
    3064.793605351825,
    3022.7516290673934,
    2985.6991820538037,
    2952.4806059274033,
    2922.6615357569353,
    2895.8532732388367,
    2871.6709634210983
  ],
  "unmatched_trips": 2871.6709634210983
}