{
  "day_M0_S6": 6,
  "hour": 24,
  "total_trips": 2351.5000000000005,
  "agent_counts": 310006,
  "errors_list": [
    2797.6661812188763,
    2013.280577370225,
    1588.2297713408404,
    1424.1363860973627,
    1342.4928122168667,
    1291.7159558864319,
    1256.3807544133238,
    1230.180520523227,
    1210.1273803689537,
    1194.2699373736787,
    1181.5019857461027,
    1170.8363167590312,
    1161.8078179182262,
    1154.0290828920522,
    1147.3007359605572,
    1141.4885171638712,
    1136.4500620654749,
    1132.0142052762662,
    1128.0370132511187,
    1124.4662988040016
  ],
  "unmatched_trips": 1124.4662988040016
}