{
  "day_M0_S6": 6,
  "hour": 8,
  "total_trips": 3407.75,
  "agent_counts": 320441,
  "errors_list": [
    3923.1812516547375,
    2731.5757418515427,
    2080.432213376905,
    1843.658591223048,
    1726.039250466766,
    1649.3450072287396,
    1594.5684331515783,
    1553.6334861070773,
    1521.899034174046,
    1496.4248720020228,
    1475.4187451886178,
    1457.7522815570796,
    1442.7680906700084,
    1430.011801363508,
    1419.1173240311455,
    1409.712608714281,
    1401.4330782211032,
    1394.0914177338934,
    1387.5642653684004,
    1381.7063851431305
  ],
  "unmatched_trips": 1381.7063851431305
}