{
  "day_M0_S6": 6,
  "hour": 4,
  "total_trips": 1643.5,
  "agent_counts": 284308,
  "errors_list": [
    1958.396150682914,
    1491.1083257711002,
    1187.9015745049653,
    1066.805180974189,
    1009.9799725703961,
    975.7336372933698,
    951.3979016448686,
    932.8719948236828,
    918.4086516035654,
    906.9114285896046,
    897.7031514880256,
    890.2373578576482,
    884.0879148932014,
    878.967976175683,
    874.6385850782563,
    870.8988807744975,
    867.6147704958344,
    864.71523020168,
    862.1477413372827,
    859.871022280231
  ],
  "unmatched_trips": 859.871022280231
}