{
  "day_M0_S6": 6,
  "hour": 25,
  "total_trips": 1502.75,
  "agent_counts": 275692,
  "errors_list": [
    1907.6979741947787,
    1429.9361521062874,
    1148.4835709251372,
    1046.7018751991227,
    997.4121995336809,
    968.2646345684093,
    948.2554611445021,
    933.3502402887755,
    921.948341117319,
    912.9438259736332,
    905.7871746151584,
    899.9570847336349,
    895.1256706412714,
    891.0857772789682,
    887.6463954655835,
    884.6585628473342,
    882.0862266603376,
    879.8265376486022,
    877.8279385475058,
    876.0571625628937
  ],
  "unmatched_trips": 876.0571625628937
}