{
  "day_M0_S6": 6,
  "hour": 23,
  "total_trips": 3781.5,
  "agent_counts": 320688,
  "errors_list": [
    4358.679411669492,
    2955.5567203294336,
    2262.351728147122,
    2000.202737723158,
    1863.8518132215663,
    1775.9536606217475,
    1713.4524316212296,
    1666.3151649726365,
    1629.601825309188,
    1600.3367721276563,
    1576.1570910578523,
    1556.0169628411052,
    1538.9641243607648,
    1524.60394380036,
    1512.4170198685265,
    1501.8039297590053,
    1492.5169984258564,
    1484.2735724137272,
    1476.9176631815965,
    1470.3342780570742
  ],
  "unmatched_trips": 1470.3342780570742
}