{
  "day_M0_S6": 6,
  "hour": 11,
  "total_trips": 7027.999999999999,
  "agent_counts": 348269,
  "errors_list": [
    7765.712253659791,
    5035.551996298963,
    3713.2984445512893,
    3202.258127111853,
    2926.3423498077696,
    2747.053470687004,
    2616.5842096813694,
    2517.0595248014242,
    2438.9802910792946,
    2376.7260574592215,
    2325.6412457955594,
    2282.7628771883788,
    2246.173568097051,
    2214.7600225867805,
    2187.635655882985,
    2163.833598846232,
    2142.894094747607,
    2124.2403860085137,
    2107.57666410731,
    2092.483382949962
  ],
  "unmatched_trips": 2092.483382949962
}