{
  "day_M0_S6": 6,
  "hour": 3,
  "total_trips": 3039.75,
  "agent_counts": 360832,
  "errors_list": [
    3408.3395008144253,
    2414.5814657205515,
    1862.2694025802211,
    1645.3832022086485,
    1528.8938119710365,
    1455.9788163413102,
    1404.068209084829,
    1365.2502604916322,
    1335.0898287831458,
    1310.7775320004519,
    1290.8245830575297,
    1274.2315748880198,
    1260.3020360677167,
    1248.527438512095,
    1238.458066565944,
    1229.786675757323,
    1222.2038140540706,
    1215.550994033953,
    1209.614406454493,
    1204.311533073316
  ],
  "unmatched_trips": 1204.311533073316
}