{
  "day_M0_S6": 6,
  "hour": 22,
  "total_trips": 5836.000000000001,
  "agent_counts": 344635,
  "errors_list": [
    6478.371258288067,
    4247.412910105431,
    3146.3381480043254,
    2717.7417317821178,
    2492.5005418419664,
    2348.153932292544,
    2243.962070572345,
    2164.0837555492517,
    2101.4592201259375,
    2051.164229316603,
    2010.0041892164315,
    1975.5235416876096,
    1946.0333655183601,
    1920.4806426184139,
    1898.2047332626917,
    1878.6296771692446,
    1861.1552982109788,
    1845.4562863244453,
    1831.4014610264844,
    1818.7488521671094
  ],
  "unmatched_trips": 1818.7488521671094
}