{
  "day_M0_S6": 6,
  "hour": 13,
  "total_trips": 7922.25,
  "agent_counts": 348812,
  "errors_list": [
    8703.21409913277,
    5504.438760542246,
    3993.569626581868,
    3412.509383980895,
    3105.037449862989,
    2902.7811797929166,
    2755.7077743743034,
    2642.9854724111774,
    2553.9752082399796,
    2482.015065263857,
    2422.5985553647974,
    2372.760562044978,
    2330.1515672104733,
    2293.2667457732364,
    2260.905837469501,
    2232.4045430326096,
    2207.11111249778,
    2184.5211501693675,
    2164.2223911820824,
    2145.9026370863653
  ],
  "unmatched_trips": 2145.9026370863653
}