{
  "day_M0_S6": 6,
  "hour": 26,
  "total_trips": 972.25,
  "agent_counts": 232917,
  "errors_list": [
    1281.17028361677,
    1024.4051153422915,
    855.2966932150887,
    789.6839524192483,
    758.2422383392077,
    739.6919801343709,
    727.362030170128,
    718.5362081187817,
    711.7853695371584,
    706.4859116439075,
    702.2934743410228,
    698.8327461026972,
    695.9454877748027,
    693.5185936265157,
    691.4784755896005,
    689.7592401578166,
    688.2723508371957,
    686.9848993432869,
    685.869121005635,
    684.8919727738278
  ],
  "unmatched_trips": 684.8919727738278
}