{
  "day_M0_S6": 6,
  "hour": 18,
  "total_trips": 9673.000000000002,
  "agent_counts": 349437,
  "errors_list": [
    10800.841122592703,
    6641.59289571437,
    4866.10604779712,
    4169.194305915406,
    3787.048857589777,
    3534.4336302174424,
    3351.869415096845,
    3214.163841674474,
    3105.6083731432914,
    3017.379929050094,
    2945.380339769007,
    2885.507256717565,
    2834.841276343211,
    2791.0799160407532,
    2752.8540651398916,
    2719.0225054982693,
    2688.8388956417866,
    2661.7600934214784,
    2637.4678422303773,
    2615.534919258711
  ],
  "unmatched_trips": 2615.534919258711
}