{
  "day_M0_S6": 6,
  "hour": 10,
  "total_trips": 6391.999999999999,
  "agent_counts": 348206,
  "errors_list": [
    7055.3208792794585,
    4678.78201660242,
    3484.300971083808,
    2993.229236136254,
    2737.343777515942,
    2573.096598258107,
    2455.7225077130224,
    2366.349338465897,
    2295.9629485967644,
    2239.3422974055356,
    2192.4041478244067,
    2153.1282582301287,
    2119.662112537411,
    2091.006362976909,
    2066.152252855096,
    2044.4043079854703,
    2025.220466822465,
    2008.1499899793932,
    1992.8236604390356,
    1979.0460604044188
  ],
  "unmatched_trips": 1979.0460604044188
}