{
  "day_M0_S6": 6,
  "hour": 20,
  "total_trips": 7592.750000000001,
  "agent_counts": 340057,
  "errors_list": [
    8554.60721940155,
    5392.175034338374,
    4010.9076263797997,
    3471.3941810452175,
    3180.0852911160478,
    2992.1747983884316,
    2856.261089107716,
    2754.6735877474885,
    2675.216135100046,
    2610.898949007385,
    2558.339399761408,
    2514.260099392695,
    2476.717598912876,
    2444.41160450681,
    2416.152320638726,
    2391.2359115732816,
    2369.2595249452283,
    2349.6957394386286,
    2332.153877430063,
    2316.305791283831
  ],
  "unmatched_trips": 2316.305791283831
}