{
  "day_M0_S6": 6,
  "hour": 16,
  "total_trips": 8666.5,
  "agent_counts": 353099,
  "errors_list": [
    9411.010340362529,
    6083.5239944146315,
    4449.359719926906,
    3796.1642568313346,
    3447.489428078084,
    3218.8193022945975,
    3053.883676617724,
    2930.2302878346572,
    2833.5561299062956,
    2756.1145942167163,
    2692.9767946617994,
    2640.366248670285,
    2595.314591573013,
    2556.160423976674,
    2521.815689487664,
    2491.6250372371123,
    2464.728222693371,
    2440.5424659042146,
    2418.752529327762,
    2399.07396163579
  ],
  "unmatched_trips": 2399.07396163579
}