{
  "day_M0_S6": 6,
  "hour": 21,
  "total_trips": 7165.75,
  "agent_counts": 346334,
  "errors_list": [
    7957.808641376498,
    5077.1859814038835,
    3730.6760112561824,
    3221.2578831797755,
    2948.7486001560956,
    2769.3572453893185,
    2640.1124154894983,
    2541.7836148337665,
    2464.878092611289,
    2402.562485439555,
    2350.7993386403914,
    2307.094751364128,
    2269.655849390912,
    2236.906026013016,
    2208.0461396414294,
    2182.5769198797216,
    2159.97749181561,
    2139.9137169251444,
    2121.8892235143103,
    2105.6348950390425
  ],
  "unmatched_trips": 2105.6348950390425
}