{
  "day_M0_S6": 6,
  "hour": 17,
  "total_trips": 9291.75,
  "agent_counts": 353170,
  "errors_list": [
    10158.874699166574,
    6372.212488283902,
    4681.93086725838,
    3990.351427699148,
    3622.8763763215793,
    3382.150045801903,
    3208.023462687226,
    3077.025316527318,
    2973.4947207106975,
    2889.55119820836,
    2820.082732949629,
    2761.760934141282,
    2711.9862959759894,
    2668.71739308581,
    2630.6386721804633,
    2596.722948746351,
    2566.5037463543354,
    2539.400712387935,
    2515.1640986029483,
    2493.3184525059532
  ],
  "unmatched_trips": 2493.3184525059532
}