{
  "day_M0_S6": 6,
  "hour": 15,
  "total_trips": 8126.999999999999,
  "agent_counts": 351301,
  "errors_list": [
    8898.355248775473,
    5666.433526613198,
    4175.265522111707,
    3582.7341047416535,
    3257.153844619787,
    3042.5570438999807,
    2888.2527713926697,
    2770.6061614656546,
    2678.357876113712,
    2604.009867415042,
    2542.593876215368,
    2491.37966613839,
    2447.6573177720247,
    2410.0884451521356,
    2377.433518453984,
    2348.8944821889436,
    2323.8228456704064,
    2301.6279228831245,
    2281.7683003994507,
    2263.8615358199736
  ],
  "unmatched_trips": 2263.8615358199736
}