{
  "day_M0_S6": 6,
  "hour": 9,
  "total_trips": 4846.75,
  "agent_counts": 336821,
  "errors_list": [
    5422.2331835718915,
    3651.890700266794,
    2726.5446024391376,
    2367.1507359195093,
    2182.0296297392565,
    2062.99049237806,
    1978.4108646598283,
    1914.4261984860411,
    1864.298833813201,
    1824.0300800158188,
    1790.8344642190486,
    1762.9607103167407,
    1739.389717146032,
    1719.1418092219028,
    1701.51099270149,
    1686.1192639409921,
    1672.5129509944932,
    1660.4171863626466,
    1649.7248974212953,
    1640.1485214256181
  ],
  "unmatched_trips": 1640.1485214256181
}