{
  "day_M0_S6": 6,
  "hour": 6,
  "total_trips": 1439.25,
  "agent_counts": 275741,
  "errors_list": [
    1764.1231353475018,
    1369.5585871906399,
    1117.8510629976654,
    1014.2995800035519,
    965.475151516941,
    936.2530791256756,
    916.3598685717752,
    901.5736283091037,
    890.1843553218921,
    881.1102609360528,
    873.6471991840527,
    867.4827606809029,
    862.3459639683954,
    858.011651130264,
    854.3367263960197,
    851.2243257199984,
    848.5842452713998,
    846.329461669999,
    844.3760509768388,
    842.6573868300379
  ],
  "unmatched_trips": 842.6573868300379
}