{
  "day_M0_S6": 6,
  "hour": 12,
  "total_trips": 7377.250000000001,
  "agent_counts": 349457,
  "errors_list": [
    8117.832775618324,
    5246.570799202758,
    3834.818571011941,
    3284.249717191971,
    2993.5269516667768,
    2805.102320263142,
    2668.152392012653,
    2563.3123853373495,
    2481.067571162899,
    2414.547885211257,
    2359.60431658794,
    2313.414202712309,
    2274.0244753302118,
    2239.987182334401,
    2210.416246965473,
    2184.4455273709627,
    2161.309773611076,
    2140.5792729764444,
    2121.949388509044,
    2105.189173871064
  ],
  "unmatched_trips": 2105.189173871064
}