{
  "day_M0_S6": 6,
  "hour": 14,
  "total_trips": 7673.500000000001,
  "agent_counts": 350342,
  "errors_list": [
    8377.83597690948,
    5397.690149799519,
    3966.1158873156587,
    3398.5424991987325,
    3097.4322864522774,
    2901.213549258029,
    2757.9337787909076,
    2649.113550136458,
    2563.46320390264,
    2495.1344480373673,
    2439.553639517515,
    2393.0398440904337,
    2353.58191674864,
    2319.6191985551213,
    2289.9597740277927,
    2263.9118003172966,
    2240.680963611563,
    2219.9216726066447,
    2201.314521598093,
    2184.407000193809
  ],
  "unmatched_trips": 2184.407000193809
}