{
  "day_M0_S6": 6,
  "hour": 5,
  "total_trips": 1186.25,
  "agent_counts": 262821,
  "errors_list": [
    1493.8163520317153,
    1185.9819872167263,
    964.63260751148,
    877.6714356238169,
    837.9558248419754,
    814.47736879777,
    798.1357140724493,
    785.9389982903851,
    776.6389541248561,
    769.3000320936411,
    763.4576427830463,
    758.6974662316771,
    754.7742107346713,
    751.5016149364035,
    748.7247005282022,
    746.35273531316,
    744.2891891674153,
    742.4931362405148,
    740.9262712831105,
    739.5427034877323
  ],
  "unmatched_trips": 739.5427034877323
}