{
  "day_M0_S6": 6,
  "hour": 3,
  "total_trips": 3039.75,
  "agent_counts": 317550,
  "errors_list": [
    3389.8589514301625,
    2441.5743601279455,
    1873.0908068337824,
    1651.0114213436411,
    1534.4008786051381,
    1460.0536271025553,
    1407.069151797913,
    1367.0066778350986,
    1335.7989586818876,
    1310.9740223431638,
    1290.695158753367,
    1274.0462821068024,
    1260.0936827457422,
    1248.2747981234788,
    1238.129631655062,
    1229.3371463421977,
    1221.5797226025156,
    1214.6705161276013,
    1208.491816200057,
    1202.9059339370888
  ],
  "unmatched_trips": 1202.9059339370888
}