{
  "day_M0_S6": 6,
  "hour": 7,
  "total_trips": 2132.75,
  "agent_counts": 298044,
  "errors_list": [
    2501.470524215324,
    1836.9159702010686,
    1448.0131683201982,
    1299.067848913705,
    1224.3283090124633,
    1178.5209766772712,
    1145.453429783889,
    1120.4906153523907,
    1100.912788322984,
    1085.2982949473221,
    1072.8138877421652,
    1062.5287686328782,
    1053.9443965314956,
    1046.71550195715,
    1040.5581641462252,
    1035.2072769344327,
    1030.55495291027,
    1026.4785536958116,
    1022.8290880529473,
    1019.5669099418355
  ],
  "unmatched_trips": 1019.5669099418355
}