{
  "day_M0_S6": 6,
  "hour": 19,
  "total_trips": 8809.249999999998,
  "agent_counts": 351684,
  "errors_list": [
    9954.567178394442,
    6209.1057752630095,
    4588.201263654453,
    3943.003095491821,
    3599.381077919221,
    3376.378257485165,
    3215.867414469934,
    3094.3707606090093,
    2999.0310093659596,
    2921.5204614527347,
    2857.159615939382,
    2803.0157024659684,
    2756.953349598145,
    2717.2464690529837,
    2683.0294123530334,
    2653.275872189743,
    2627.133510554207,
    2604.0182119725355,
    2583.3076320399205,
    2564.713519025248
  ],
  "unmatched_trips": 2564.713519025248
}